pos_x,pos_y,rotation,side,designator,mpn,pack,footprint,value,mount_type
206.1875,-77.0375,180.0,top,C1,CL31B104KBCNNNC,,CL31B104KBCNNNC,0.1uF,smt
206.1875,-80.0375,180.0,top,C2,CL31B105KAHNNNE,,CL31B105KAHNNNE,1uF,smt
229.0,-140.83325,90.0,top,C3,25ZLH470MEFC10X12.5,,25ZLH470MEFC10X12,470uF,tht
229.0,-154.83325,90.0,top,C4,25ZLH470MEFC10X12.5,,25ZLH470MEFC10X12,470uF,tht
229.0,-114.83325,90.0,top,C5,25ZLH470MEFC10X12.5,,25ZLH470MEFC10X12,470uF,tht
229.0,-128.0,90.0,top,C6,25ZLH470MEFC10X12.5,,25ZLH470MEFC10X12,470uF,tht
198.8125,-112.9625,0.0,top,C7,CL31B104KBCNNNC,,CL31B104KBCNNNC,0.1uF,smt
229.0,-88.83325,90.0,top,C8,25ZLH470MEFC10X12.5,,25ZLH470MEFC10X12,470uF,tht
229.0,-101.83325,90.0,top,C9,25ZLH470MEFC10X12.5,,25ZLH470MEFC10X12,470uF,tht
169.5,-159.75,180.0,top,D1,CMD17-21VGD/TR8 ,,CMD17-21VGD_TR8,CMD17-21VGD/TR8,smt
169.6,-139.0,180.0,top,D2,CMD17-21VGD/TR8 ,,CMD17-21VGD_TR8,CMD17-21VGD/TR8,smt
248.8,-71.2,0.0,top,D3,CMD17-21VGD/TR8 ,,CMD17-21VGD_TR8,CMD17-21VGD/TR8,smt
249.0,-92.0,0.0,top,D4,CMD17-21VGD/TR8 ,,CMD17-21VGD_TR8,CMD17-21VGD/TR8,smt
249.0,-160.75,-90.0,top,D5,CMD17-21VGD/TR8 ,,CMD17-21VGD_TR8,CMD17-21VGD/TR8,smt
249.0,-139.0,0.0,top,D6,CMD17-21VGD/TR8 ,,CMD17-21VGD_TR8,CMD17-21VGD/TR8,smt
169.565,-70.0,180.0,top,D7,CMD17-21VGD/TR8 ,,CMD17-21VGD_TR8,CMD17-21VGD/TR8,smt
169.6,-92.0,180.0,top,D8,CMD17-21VGD/TR8 ,,CMD17-21VGD_TR8,CMD17-21VGD/TR8,smt
241.697056,-75.197056,0.0,top,H1,,,MountingHole_3.2mm_M3_Pad_Via,MountingHole,tht
174.25,-75.25,0.0,top,H2,,,MountingHole_3.2mm_M3_Pad_Via,MountingHole,tht
173.8,-150.4,0.0,top,H3,,,MountingHole_3.2mm_M3_Pad_Via,MountingHole,tht
178.03,-110.22,0.0,top,J1,PH1-20-UA,,196_Conn_1to20,Conn_1to20,smt
241.8375,-141.9,90.0,top,J10,TB002-500-02BE ,,TB002-500-02BE,TB002-500-02BE,tht
241.8375,-155.5,90.0,top,J11,TB002-500-02BE ,,TB002-500-02BE,TB002-500-02BE,tht
241.8375,-115.5,90.0,top,J12,TB002-500-02BE ,,TB002-500-02BE,TB002-500-02BE,tht
241.8375,-128.5,90.0,top,J13,TB002-500-02BE ,,TB002-500-02BE,TB002-500-02BE,tht
203.0,-157.8375,0.0,top,J14,TB002-500-02BE ,,TB002-500-02BE,TB002-500-02BE,tht
241.8375,-89.0,90.0,top,J15,TB002-500-02BE ,,TB002-500-02BE,TB002-500-02BE,tht
241.8375,-102.3,90.0,top,J16,TB002-500-02BE ,,TB002-500-02BE,TB002-500-02BE,tht
175.8,-124.04,180.0,top,J2,PH1-20-UA,,PinSocket_1x08_P2.54mm_Vertical,Conn_01x08_Socket,tht
182.23,-110.14,0.0,top,J3,PH1-20-UA,,196_Conn_1to20,Conn_1to20,smt
212.73,-110.19,0.0,top,J4,PH1-20-UA,,196_Conn_20to48,Conn_20to49,tht
217.48,-110.2,0.0,top,J5,PH1-20-UA,,196_Conn_20to48,Conn_20to49,tht
196.75,-129.38,0.0,top,J6,PH1-20-UA,,PinSocket_1x04_P2.54mm_Vertical,Conn_01x04_Socket,tht
193.0,-129.5,0.0,top,J7,PH1-20-UA,,PinSocket_1x04_P2.54mm_Vertical,Conn_01x04_Socket,tht
211.0155,-73.251601,0.0,top,J8,OSTT7020150,,OSTT7020150,OSTT7020150,tht
191.8,-157.8375,0.0,top,J9,TB002-500-02BE ,,TB002-500-02BE,TB002-500-02BE,tht
212.8,-95.2,90.0,top,LS1,AI-3035-TWT-3V-R ,,Buzzer_12x9.5RM7.6,AI-3035-TWT-3V-R,tht
228.0,-78.0,0.0,top,NT1,,,NetTie-2_SMD_Pad2.0mm,NetTie_2,tht
208.0,-110.0,90.0,top,Q1,DMN2075U-7,,SOT95P237X112-3N-2-V,DMN2075U-7,tht
208.25,-114.75,0.0,top,R1,CRCW120610K0FKEA,,R_1206_3216Metric,4k7,smt
234.0,-77.0,180.0,top,R10,RCS1206150RJNEA,,R_1206_3216Metric,220,smt
211.0295,-105.6135,0.0,top,R2,CRCW120616R2FKEA,,CRCW120616R2FKEA,16.2,tht
189.7365,-129.0795,-90.0,top,R3,RC1206FR-074K7L ,,RC1206FR-074K7L,4k7,smt
187.5135,-127.6705,90.0,top,R5,RC1206FR-074K7L ,,RC1206FR-074K7L,4k7,smt
190.8295,-119.0135,0.0,top,R6,RMCF1206FT220R,,RMCF1206FT220R,220,smt
190.8295,-122.3935,0.0,top,R7,RMCF1206FT220R,,RMCF1206FT220R,220,smt
209.1705,-122.3665,180.0,top,R8,RMCF1206FT220R,,RMCF1206FT220R,220,smt
209.1705,-126.3665,180.0,top,R9,RMCF1206FT220R,,RMCF1206FT220R,220,smt
238.636,-74.6985,180.0,top,SW1,GRB066L02BBGGL1,,GRB066L02BBGGL1,GRB066L02BBGGL1,tht
224.0,-78.0,90.0,top,U1,ESDA6V1L,,SOT_DA6V1L_STM-M,ESDA6V1L,smt
200.0,-121.38,0.0,top,U2,74AHCT125S14-13 ,,74AHCT125S14-13,74AHCT125S14-13,smt
192.4,-110.6,180.0,top,VR1,3361P-1-103GLF,,3361P-1-103GLF,10K,smt
182.6,-102.8,180.0,top,VR2,3361P-1-103GLF,,3361P-1-103GLF,10K,smt
